{
   "dashboards": [{
      "autoswitchEnabled": false,
      "columnCount": 1,
      "columnProportion": "1",
      "creationTime": 1537957411265,
      "description": "",
      "disabled": false,
      "gridsterMaxColumns": 12,
      "hidden": false,
      "homeTab": false,
      "id": "9abab588-96a2-4242-a994-9885595efc3f",
      "importAttempts": 0,
      "importComplete": true,
      "isDefault": false,
      "locked": false,
      "name": "09 Object Summary Page/Performance: ESXi",
      "namePath": "09 Object Summary Page",
      "rank": 1,
      "shared": false,
      "temporary": false,
      "userId": "65acb837-56df-4089-81d1-482a1876d7ca",
      "widgetInteractions": [],
      "widgets": [
         {
            "collapsed": false,
            "config": {
               "chartHeight": 80,
               "metricKey": "Super Metric|sm_bd812200-4794-4cc3-9e1f-2daead31d7b5",
               "metricLabel": "",
               "metricName": "Super Metric|Ops. Percentage of VM with RAM Contention",
               "metricType": {"metricType": "custom"},
               "metricUnit": {
                  "metricUnitId": -1,
                  "metricUnitName": "Default Unit"
               },
               "mode": "self",
               "orangeBound": 5,
               "paginationNumber": 15,
               "redBound": 7.5,
               "refreshContent": {"refreshContent": false},
               "refreshInterval": 300,
               "resourceKindId": "resourceKind:id:0_::_",
               "selectFirstRow": {"selectFirstRow": false},
               "selfProvider": {"selfProvider": false},
               "showMetricLabel": {"showMetricLabel": false},
               "showResourceName": {"showResourceName": false},
               "sortBy": "metricValue",
               "sortByDir": {"orderByDir": "asc"},
               "tagFilter": null,
               "title": "Percentage of VMs with RAM Contention",
               "undefined": "Super Metric|Ops. Percentage of VM with RAM Contention _ 1%",
               "yellowBound": 2.5
            },
            "gridsterCoords": {
               "h": 4,
               "w": 3,
               "x": 7,
               "y": 8
            },
            "height": 210,
            "id": "9bbc987d-9939-4ec5-ab9c-23bbeecc96f6",
            "states": [
               {
                  "key": "permDateRange_HealthChart_widget_9abab588-96a2-4242-a994-9885595efc3f_9bbc987d-9939-4ec5-ab9c-23bbeecc96f6",
                  "value": "s%3A%7B%22dateRange%22%3A%22last12Hour%22%2C%22dateFrom%22%3Anull%2C%22dateTo%22%3Anull%2C%22timeFrom%22%3Anull%2C%22timeTo%22%3Anull%7D"
               },
               {
                  "key": "perm_toolbarVisible_widget_9abab588-96a2-4242-a994-9885595efc3f_9bbc987d-9939-4ec5-ab9c-23bbeecc96f6",
                  "value": "b%3A0"
               }
            ],
            "title": "Percentage of VMs with RAM Contention",
            "type": "HealthChart"
         },
         {
            "collapsed": false,
            "config": {
               "chartHeight": 80,
               "metricKey": "Super Metric|sm_5efb039b-4740-462b-a8eb-9ba0b2f9108d",
               "metricLabel": "",
               "metricName": "Super Metric|Ops. Max VM CPU Ready (%)",
               "metricType": {"metricType": "custom"},
               "metricUnit": {
                  "metricUnitId": -1,
                  "metricUnitName": "Default Unit"
               },
               "mode": "self",
               "orangeBound": 7.5,
               "paginationNumber": 15,
               "redBound": 10,
               "refreshContent": {"refreshContent": false},
               "refreshInterval": 300,
               "resourceKindId": "resourceKind:id:0_::_",
               "selectFirstRow": {"selectFirstRow": false},
               "selfProvider": {"selfProvider": false},
               "showMetricLabel": {"showMetricLabel": false},
               "showResourceName": {"showResourceName": false},
               "sortBy": "metricValue",
               "sortByDir": {"orderByDir": "asc"},
               "tagFilter": null,
               "title": "Worst VM CPU Ready (%)",
               "undefined": "Super Metric|Ops. Max VM CPU Ready (%)",
               "yellowBound": 5
            },
            "gridsterCoords": {
               "h": 4,
               "w": 3,
               "x": 1,
               "y": 4
            },
            "height": 210,
            "id": "ffcd7699-4590-4f84-8c26-cdfd776e42c9",
            "states": [
               {
                  "key": "perm_toolbarVisible_widget_9abab588-96a2-4242-a994-9885595efc3f_ffcd7699-4590-4f84-8c26-cdfd776e42c9",
                  "value": "b%3A0"
               },
               {
                  "key": "permDateRange_HealthChart_widget_9abab588-96a2-4242-a994-9885595efc3f_ffcd7699-4590-4f84-8c26-cdfd776e42c9",
                  "value": "s%3A%7B%22dateRange%22%3A%22last12Hour%22%2C%22dateFrom%22%3Anull%2C%22dateTo%22%3Anull%2C%22timeFrom%22%3Anull%2C%22timeTo%22%3Anull%7D"
               }
            ],
            "title": "Worst VM CPU Ready (%)",
            "type": "HealthChart"
         },
         {
            "collapsed": false,
            "config": {
               "chartHeight": 80,
               "metricKey": "Super Metric|sm_93fa4123-2646-458c-992c-ba6e16b64f6b",
               "metricLabel": "",
               "metricName": "Super Metric|Ops. Max VM RAM Contention (%)",
               "metricType": {"metricType": "custom"},
               "metricUnit": {
                  "metricUnitId": -1,
                  "metricUnitName": "Default Unit"
               },
               "mode": "self",
               "orangeBound": 3,
               "paginationNumber": 15,
               "redBound": 5,
               "refreshContent": {"refreshContent": false},
               "refreshInterval": 300,
               "resourceKindId": "resourceKind:id:0_::_",
               "selectFirstRow": {"selectFirstRow": false},
               "selfProvider": {"selfProvider": false},
               "showMetricLabel": {"showMetricLabel": false},
               "showResourceName": {"showResourceName": false},
               "sortBy": "metricValue",
               "sortByDir": {"orderByDir": "asc"},
               "tagFilter": null,
               "title": "Worst VM RAM Contention (%)",
               "undefined": "Super Metric|Ops. Max VM RAM Contention (%)",
               "yellowBound": 1
            },
            "gridsterCoords": {
               "h": 4,
               "w": 3,
               "x": 7,
               "y": 4
            },
            "height": 210,
            "id": "fe4a4287-625c-4a8e-be3a-ffb1b9ae7350",
            "states": [
               {
                  "key": "perm_toolbarVisible_widget_9abab588-96a2-4242-a994-9885595efc3f_fe4a4287-625c-4a8e-be3a-ffb1b9ae7350",
                  "value": "b%3A0"
               },
               {
                  "key": "permDateRange_HealthChart_widget_9abab588-96a2-4242-a994-9885595efc3f_fe4a4287-625c-4a8e-be3a-ffb1b9ae7350",
                  "value": "s%3A%7B%22dateRange%22%3A%22last12Hour%22%2C%22dateFrom%22%3Anull%2C%22dateTo%22%3Anull%2C%22timeFrom%22%3Anull%2C%22timeTo%22%3Anull%7D"
               }
            ],
            "title": "Worst VM RAM Contention (%)",
            "type": "HealthChart"
         },
         {
            "collapsed": false,
            "config": {
               "chartHeight": 80,
               "metricKey": "net:Aggregate of all instances|droppedPct",
               "metricLabel": "",
               "metricName": "Network:Aggregate of all instances|Packets Dropped (%)",
               "metricType": {"metricType": "custom"},
               "metricUnit": {
                  "metricUnitId": -1,
                  "metricUnitName": "Default Unit"
               },
               "mode": "self",
               "orangeBound": 2,
               "paginationNumber": 15,
               "redBound": 3,
               "refreshContent": {"refreshContent": false},
               "refreshInterval": 300,
               "resourceKindId": "resourceKind:id:0_::_",
               "selectFirstRow": {"selectFirstRow": false},
               "selfProvider": {"selfProvider": false},
               "showMetricLabel": {"showMetricLabel": false},
               "showResourceName": {"showResourceName": false},
               "sortBy": "metricValue",
               "sortByDir": {"orderByDir": "asc"},
               "tagFilter": null,
               "title": "Packets Dropped",
               "undefined": "Network:Aggregate of all instances|Packets Dropped (%)",
               "yellowBound": 1
            },
            "gridsterCoords": {
               "h": 4,
               "w": 3,
               "x": 10,
               "y": 4
            },
            "height": 210,
            "id": "d9ffe493-26d9-41b0-afce-30fae0a9cc14",
            "states": [
               {
                  "key": "permDateRange_HealthChart_widget_9abab588-96a2-4242-a994-9885595efc3f_d9ffe493-26d9-41b0-afce-30fae0a9cc14",
                  "value": "s%3A%7B%22dateRange%22%3A%22last12Hour%22%2C%22dateFrom%22%3Anull%2C%22dateTo%22%3Anull%2C%22timeFrom%22%3Anull%2C%22timeTo%22%3Anull%7D"
               },
               {
                  "key": "perm_toolbarVisible_widget_9abab588-96a2-4242-a994-9885595efc3f_d9ffe493-26d9-41b0-afce-30fae0a9cc14",
                  "value": "b%3A0"
               }
            ],
            "title": "Packets Dropped",
            "type": "HealthChart"
         },
         {
            "collapsed": false,
            "config": {
               "chartHeight": 80,
               "metricKey": "Super Metric|sm_d6367f4c-4fee-4bd6-bbf2-d09fe636d5d9",
               "metricLabel": "",
               "metricName": "Super Metric|Ops. Percentage of VM with CPU Ready",
               "metricType": {"metricType": "custom"},
               "metricUnit": {
                  "metricUnitId": -1,
                  "metricUnitName": "Default Unit"
               },
               "mode": "self",
               "orangeBound": 5,
               "paginationNumber": 15,
               "redBound": 7.5,
               "refreshContent": {"refreshContent": false},
               "refreshInterval": 300,
               "resourceKindId": "resourceKind:id:0_::_",
               "selectFirstRow": {"selectFirstRow": false},
               "selfProvider": {"selfProvider": false},
               "showMetricLabel": {"showMetricLabel": false},
               "showResourceName": {"showResourceName": false},
               "sortBy": "metricValue",
               "sortByDir": {"orderByDir": "asc"},
               "tagFilter": null,
               "title": "Percentage of VMs with CPU Ready",
               "undefined": "Super Metric|Ops. Percentage of VM with CPU Ready _ 5%",
               "yellowBound": 2.5
            },
            "gridsterCoords": {
               "h": 4,
               "w": 3,
               "x": 1,
               "y": 8
            },
            "height": 210,
            "id": "732c6213-1edc-4fef-8b91-3ef5ea6a6a7c",
            "states": [
               {
                  "key": "perm_toolbarVisible_widget_9abab588-96a2-4242-a994-9885595efc3f_732c6213-1edc-4fef-8b91-3ef5ea6a6a7c",
                  "value": "b%3A0"
               },
               {
                  "key": "permDateRange_HealthChart_widget_9abab588-96a2-4242-a994-9885595efc3f_732c6213-1edc-4fef-8b91-3ef5ea6a6a7c",
                  "value": "s%3A%7B%22dateRange%22%3A%22last12Hour%22%2C%22dateFrom%22%3Anull%2C%22dateTo%22%3Anull%2C%22timeFrom%22%3Anull%2C%22timeTo%22%3Anull%7D"
               }
            ],
            "title": "Percentage of VMs with CPU Ready",
            "type": "HealthChart"
         },
         {
            "collapsed": false,
            "config": {
               "boxColumns": 6,
               "boxHeight": 80,
               "labelSize": 12,
               "maxCellCount": 100,
               "metric": {
                  "mode": "resourceKind",
                  "resourceKindMetrics": [
                     {
                        "colorMethod": 0,
                        "id": "extModel11094-3",
                        "isStringMetric": false,
                        "label": "Worst VM CPU Ready",
                        "link": "",
                        "metricKey": "Super Metric|sm_5efb039b-4740-462b-a8eb-9ba0b2f9108d",
                        "metricName": "Super Metric|Ops. Max VM CPU Ready (%)",
                        "metricUnitId": "%",
                        "orangeBound": 5,
                        "redBound": 7.5,
                        "resourceKindId": "resourceKind:id:0_::_",
                        "resourceKindName": "Host System",
                        "unit": "%",
                        "yellowBound": 2.5
                     },
                     {
                        "colorMethod": 0,
                        "id": "extModel50079-1",
                        "isStringMetric": false,
                        "label": "Worst VM CPU Co-Stop",
                        "link": "",
                        "metricKey": "Super Metric|sm_bb35ec23-6079-4d82-9730-3743ed682387",
                        "metricName": "Super Metric|Max VM CPU Co-Stop (%)",
                        "metricUnitId": "%",
                        "orangeBound": 5,
                        "redBound": 7.5,
                        "resourceKindId": "resourceKind:id:0_::_",
                        "resourceKindName": "Host System",
                        "unit": "%",
                        "yellowBound": 2.5
                     },
                     {
                        "colorMethod": 0,
                        "id": "extModel1982-2",
                        "isStringMetric": false,
                        "label": "Worst VM RAM Contention",
                        "link": "",
                        "metricKey": "Super Metric|sm_93fa4123-2646-458c-992c-ba6e16b64f6b",
                        "metricName": "Super Metric|Ops. Max VM RAM Contention (%)",
                        "metricUnitId": "%",
                        "orangeBound": 3,
                        "redBound": 5,
                        "resourceKindId": "resourceKind:id:0_::_",
                        "resourceKindName": "Host System",
                        "unit": "%",
                        "yellowBound": 1
                     },
                     {
                        "colorMethod": 0,
                        "id": "extModel50079-3",
                        "isStringMetric": false,
                        "label": "% of VMs with CPU Ready",
                        "link": "",
                        "metricKey": "Super Metric|sm_d6367f4c-4fee-4bd6-bbf2-d09fe636d5d9",
                        "metricName": "Super Metric|Ops. Percentage of VM with CPU Ready",
                        "metricUnitId": "%",
                        "orangeBound": 5,
                        "redBound": 7.5,
                        "resourceKindId": "resourceKind:id:0_::_",
                        "resourceKindName": "Host System",
                        "unit": "%",
                        "yellowBound": 2.5
                     },
                     {
                        "colorMethod": 0,
                        "id": "extModel50079-2",
                        "isStringMetric": false,
                        "label": "% of VMs with CPU Co-Stop",
                        "link": "",
                        "metricKey": "Super Metric|sm_0ccf0ff4-a279-42f4-8abe-8dcbafee5bae",
                        "metricName": "Super Metric|Ops. Percentage of VM with CPU CoStop",
                        "metricUnitId": "%",
                        "orangeBound": 5,
                        "redBound": 7.5,
                        "resourceKindId": "resourceKind:id:0_::_",
                        "resourceKindName": "Host System",
                        "unit": "%",
                        "yellowBound": 2.5
                     },
                     {
                        "colorMethod": 0,
                        "id": "extModel50079-4",
                        "isStringMetric": false,
                        "label": "% of VMs with RAM Contention",
                        "link": "",
                        "metricKey": "Super Metric|sm_bd812200-4794-4cc3-9e1f-2daead31d7b5",
                        "metricName": "Super Metric|Ops. Percentage of VM with RAM Contention",
                        "metricUnitId": "%",
                        "orangeBound": 5,
                        "redBound": 7.5,
                        "resourceKindId": "resourceKind:id:0_::_",
                        "resourceKindName": "Host System",
                        "unit": "%",
                        "yellowBound": 2.5
                     }
                  ],
                  "resourceMetrics": []
               },
               "mode": {"layoutMode": "fixedView"},
               "periodLength": "last24Hour",
               "refreshContent": {"refreshContent": false},
               "refreshInterval": 300,
               "relationshipMode": 0,
               "resInteractionMode": null,
               "roundDecimals": 1,
               "selfProvider": {"selfProvider": false},
               "showDT": {"showDT": false},
               "showMetricName": {"showMetricName": true},
               "showMetricUnit": {"showMetricUnit": true},
               "showResourceName": {"showResourceName": false},
               "showSparkline": {"showSparkline": false},
               "title": "Key Performance Indicators",
               "valueSize": 28,
               "visualTheme": 4
            },
            "gridsterCoords": {
               "h": 3,
               "w": 12,
               "x": 1,
               "y": 1
            },
            "height": 154,
            "id": "055a11c2-839d-4257-b71f-287ba758e836",
            "title": "Key Performance Indicators",
            "type": "Scoreboard"
         },
         {
            "collapsed": false,
            "config": {
               "chartHeight": 80,
               "metricKey": "net|errorsTx_summation",
               "metricLabel": "",
               "metricName": "Network|Error Packets Transmitted",
               "metricType": {"metricType": "custom"},
               "metricUnit": {
                  "metricUnitId": -1,
                  "metricUnitName": "Default Unit"
               },
               "mode": "self",
               "orangeBound": 2,
               "paginationNumber": 15,
               "redBound": 3,
               "refreshContent": {"refreshContent": false},
               "refreshInterval": 300,
               "resourceKindId": "resourceKind:id:0_::_",
               "selectFirstRow": {"selectFirstRow": false},
               "selfProvider": {"selfProvider": false},
               "showMetricLabel": {"showMetricLabel": false},
               "showResourceName": {"showResourceName": false},
               "sortBy": "metricValue",
               "sortByDir": {"orderByDir": "asc"},
               "tagFilter": null,
               "title": "Error Packets Transmitted",
               "undefined": "Network|Error Packets Transmitted",
               "yellowBound": 1
            },
            "gridsterCoords": {
               "h": 4,
               "w": 3,
               "x": 10,
               "y": 8
            },
            "height": 210,
            "id": "676496b4-eaf0-4f15-83fc-9ded79b924ae",
            "states": [
               {
                  "key": "permDateRange_HealthChart_widget_9abab588-96a2-4242-a994-9885595efc3f_676496b4-eaf0-4f15-83fc-9ded79b924ae",
                  "value": "s%3A%7B%22dateRange%22%3A%22last12Hour%22%2C%22dateFrom%22%3Anull%2C%22dateTo%22%3Anull%2C%22timeFrom%22%3Anull%2C%22timeTo%22%3Anull%7D"
               },
               {
                  "key": "perm_toolbarVisible_widget_9abab588-96a2-4242-a994-9885595efc3f_676496b4-eaf0-4f15-83fc-9ded79b924ae",
                  "value": "b%3A0"
               }
            ],
            "title": "Error Packets Transmitted",
            "type": "HealthChart"
         },
         {
            "collapsed": false,
            "config": {
               "chartViewItems": [],
               "refreshContent": {"refreshContent": false},
               "refreshInterval": 300,
               "resource": null,
               "selectFirstRow": {"selectFirstRow": false},
               "selfProvider": {"selfProvider": false},
               "title": "VMs of this ESXi",
               "traversalSpecId": "",
               "viewDefinitionId": "7cdda47c-794a-447a-8f00-de463e3c88d6"
            },
            "gridsterCoords": {
               "h": 6,
               "w": 12,
               "x": 1,
               "y": 17
            },
            "height": 324,
            "id": "7f9512a4-4c20-4529-a956-bf1af4cefc92",
            "title": "VMs of this ESXi",
            "type": "View"
         },
         {
            "collapsed": false,
            "config": {
               "chartHeight": 80,
               "metricKey": "Super Metric|sm_bb35ec23-6079-4d82-9730-3743ed682387",
               "metricLabel": "",
               "metricName": "Super Metric|Max VM CPU Co-Stop (%)",
               "metricType": {"metricType": "custom"},
               "metricUnit": {
                  "metricUnitId": -1,
                  "metricUnitName": "Default Unit"
               },
               "mode": "self",
               "orangeBound": 5,
               "paginationNumber": 15,
               "redBound": 10,
               "refreshContent": {"refreshContent": false},
               "refreshInterval": 300,
               "resourceKindId": "resourceKind:id:0_::_",
               "selectFirstRow": {"selectFirstRow": false},
               "selfProvider": {"selfProvider": false},
               "showMetricLabel": {"showMetricLabel": false},
               "showResourceName": {"showResourceName": false},
               "sortBy": "metricValue",
               "sortByDir": {"orderByDir": "asc"},
               "tagFilter": null,
               "title": "Worst VM CPU Co-Stop (%)",
               "undefined": "Super Metric|Max VM CPU Co-Stop (%)",
               "yellowBound": 2.5
            },
            "gridsterCoords": {
               "h": 4,
               "w": 3,
               "x": 4,
               "y": 4
            },
            "height": 210,
            "id": "40f012ab-c721-4d1a-a3ee-0020ee525541",
            "states": [{
               "key": "permDateRange_HealthChart_widget_9abab588-96a2-4242-a994-9885595efc3f_40f012ab-c721-4d1a-a3ee-0020ee525541",
               "value": "s%3A%7B%22dateRange%22%3A%22last6Hour%22%2C%22dateFrom%22%3Anull%2C%22dateTo%22%3Anull%2C%22timeFrom%22%3Anull%2C%22timeTo%22%3Anull%7D"
            }],
            "title": "Worst VM CPU Co-Stop (%)",
            "type": "HealthChart"
         },
         {
            "collapsed": false,
            "config": {
               "chartHeight": 80,
               "metricKey": "Super Metric|sm_0ccf0ff4-a279-42f4-8abe-8dcbafee5bae",
               "metricLabel": "",
               "metricName": "Ops. Percentage of VM with CPU CoStop",
               "metricType": {"metricType": "custom"},
               "metricUnit": {
                  "metricUnitId": -1,
                  "metricUnitName": "Default Unit"
               },
               "mode": "self",
               "orangeBound": 5,
               "paginationNumber": 15,
               "redBound": 7.5,
               "refreshContent": {"refreshContent": false},
               "refreshInterval": 300,
               "resourceKindId": "resourceKind:id:0_::_",
               "selectFirstRow": {"selectFirstRow": false},
               "selfProvider": {"selfProvider": false},
               "showMetricLabel": {"showMetricLabel": false},
               "showResourceName": {"showResourceName": false},
               "sortBy": "metricValue",
               "sortByDir": {"orderByDir": "asc"},
               "tagFilter": null,
               "title": "Percentage of VMs with CPU Co-Stop",
               "undefined": "Super Metric|Ops. Percentage of VM with CPU CoStop",
               "yellowBound": 2.5
            },
            "gridsterCoords": {
               "h": 4,
               "w": 3,
               "x": 4,
               "y": 8
            },
            "height": 210,
            "id": "9c12337d-aa19-4658-a20b-e14622047842",
            "states": [{
               "key": "permDateRange_HealthChart_widget_9abab588-96a2-4242-a994-9885595efc3f_9c12337d-aa19-4658-a20b-e14622047842",
               "value": "s%3A%7B%22dateRange%22%3A%22last6Hour%22%2C%22dateFrom%22%3Anull%2C%22dateTo%22%3Anull%2C%22timeFrom%22%3Anull%2C%22timeTo%22%3Anull%7D"
            }],
            "title": "Percentage of VMs with CPU Co-Stop",
            "type": "HealthChart"
         },
         {
            "collapsed": false,
            "config": {
               "chartViewItems": ["legend"],
               "refreshContent": {"refreshContent": false},
               "refreshInterval": 300,
               "resource": null,
               "selectFirstRow": {"selectFirstRow": false},
               "selfProvider": {"selfProvider": false},
               "title": "Utilization: CPU",
               "traversalSpecId": "",
               "viewDefinitionId": "888cb0f8-e4bc-47c3-984c-e93c8186f67c"
            },
            "gridsterCoords": {
               "h": 5,
               "w": 4,
               "x": 1,
               "y": 12
            },
            "height": 267,
            "id": "6b4748d2-f66b-4ce6-a2b3-0be95491adc2",
            "title": "Utilization: CPU",
            "type": "View"
         },
         {
            "collapsed": false,
            "config": {
               "chartViewItems": ["legend"],
               "refreshContent": {"refreshContent": false},
               "refreshInterval": 300,
               "resource": null,
               "selectFirstRow": {"selectFirstRow": false},
               "selfProvider": {"selfProvider": false},
               "title": "Utilization: RAM",
               "traversalSpecId": "",
               "viewDefinitionId": "f1404377-e2da-4334-b64e-4ec97d81713c"
            },
            "gridsterCoords": {
               "h": 5,
               "w": 4,
               "x": 5,
               "y": 12
            },
            "height": 267,
            "id": "beba99a2-e85f-41b9-95c2-7324608b7adc",
            "title": "Utilization: RAM",
            "type": "View"
         },
         {
            "collapsed": false,
            "config": {
               "chartViewItems": ["legend"],
               "refreshContent": {"refreshContent": false},
               "refreshInterval": 300,
               "resource": null,
               "selectFirstRow": {"selectFirstRow": false},
               "selfProvider": {"selfProvider": false},
               "title": "Utilization: Network",
               "traversalSpecId": "",
               "viewDefinitionId": "9d984b78-d198-428d-80a5-07c1ac75bad6"
            },
            "gridsterCoords": {
               "h": 5,
               "w": 4,
               "x": 9,
               "y": 12
            },
            "height": 267,
            "id": "d49a7b10-0ffd-46fa-b416-0594b36f8738",
            "title": "Utilization: Network",
            "type": "View"
         }
      ]
   }],
   "entries": {"resourceKind": [{
      "adapterKindKey": "VMWARE",
      "internalId": "resourceKind:id:0_::_",
      "resourceKindKey": "HostSystem"
   }]},
   "uuid": "54de4b46-73b3-4eaa-93a3-d87621b021e6"
}